{
  "train_loss": [
    0.20649873935922688,
    0.1734880605427368,
    0.16855141695331294,
    0.1670188595265958,
    0.16613799782478686,
    0.16639640205945086,
    0.16638676274406514,
    0.16677936591857875,
    0.16691028880924255,
    0.16730142884428922,
    0.16768822928363517,
    0.16794359202977727,
    0.16790555111360114,
    0.16806343434035653,
    0.16830837586479094,
    0.16852062276815055,
    0.1684197923478316,
    0.1690062916550863
  ],
  "val_loss": [
    0.20682759098636838,
    0.19323830908498354,
    0.1964515468227214,
    0.2104284574545694,
    0.2107291024703093,
    0.20501682316632164,
    0.1910187000255942,
    0.18407360787697433,
    0.18179824019244314,
    0.1799100778704478,
    0.18147634516580996,
    0.18041162813247943,
    0.17895222022769836,
    0.1787789274671546,
    0.17906014871443093,
    0.1805978129599885,
    0.1819351072607743,
    0.18253746338005414
  ],
  "val_f1": [
    0.019474281788142065,
    0.15586625442800886,
    0.184909229526402,
    0.22130912739885172,
    0.2257686375219179,
    0.20726519687860076,
    0.19477018284920275,
    0.17057024929821113,
    0.17002140577954153,
    0.15943472412863804,
    0.1744790058079311,
    0.15920530323553214,
    0.14054434123410214,
    0.1396985147611565,
    0.14708154917297458,
    0.13335664690219562,
    0.13112751913747586,
    0.12527995850799561
  ],
  "val_auc": [
    0.765293037777836,
    0.8078593933793297,
    0.8137454974057788,
    0.818574673507405,
    0.8175953307775591,
    0.8162150236472304,
    0.8170925024131844,
    0.8202149658071016,
    0.8181473570529063,
    0.8181501969829038,
    0.8185484807530102,
    0.8200504100779205,
    0.8216372264363943,
    0.8198039572089784,
    0.8187975153821666,
    0.8199401038552969,
    0.8139869965131749,
    0.8181648963161761
  ]
}