{
  "train_loss": [
    1.1935855561547102,
    1.0862276561370579,
    1.0352766853278697,
    0.9967558640145447,
    0.9680830075342294,
    0.9399660338255448,
    0.9234121712039304,
    0.9010665582133474,
    0.8824620939372682,
    0.8773066987108341,
    0.8497554141564858,
    0.8343232105980327,
    0.8253447670078298
  ],
  "val_loss": [
    0.5321150850770154,
    0.500935300092431,
    0.473404136484392,
    0.481630977716106,
    0.45547754412138863,
    0.470561331999939,
    0.46187528239226106,
    0.4507705549180945,
    0.44170910688624526,
    0.4417080157078875,
    0.42386456504618913,
    0.41926648142601275,
    0.44266418905428784
  ],
  "val_f1": [
    0.18797668643007376,
    0.2063892512860475,
    0.21739807463897667,
    0.21446000971176618,
    0.22650194608668314,
    0.22232473970197292,
    0.2279221380289862,
    0.23222022498254982,
    0.2323178763269828,
    0.22902010149478633,
    0.2400286114962242,
    0.24010256451705536,
    0.23551743187892896
  ],
  "val_auc": [
    0.7796193272787287,
    0.8110803598921662,
    0.8221828328391708,
    0.8262658365051332,
    0.8304529400848738,
    0.8325210245321093,
    0.8348799004198104,
    0.8362557650778891,
    0.8356610667868634,
    0.8349284982780435,
    0.8355958978045823,
    0.8338280750366366,
    0.833711937122915
  ]
}