{
  "train_loss": [
    0.1727925598743456,
    0.1533898985244446,
    0.1498268643537607,
    0.14814048124291868,
    0.14717157849969575,
    0.146315670344516,
    0.1450547154923872,
    0.1441650477288672,
    0.14315047577174655,
    0.14243810373973342
  ],
  "val_loss": [
    0.27181678966990225,
    0.2347512900518648,
    0.1946502134988267,
    0.21934754323534578,
    0.1902609843834913,
    0.18316559673185906,
    0.1782518823314163,
    0.17767857053792246,
    0.18013234643778164,
    0.17920259816933806
  ],
  "val_f1": [
    0.06253457918371673,
    0.1919378142227035,
    0.14862963680260233,
    0.20599759760713918,
    0.1680127362303741,
    0.1586139935268491,
    0.13312779791570248,
    0.14951090255239646,
    0.1393847809264909,
    0.14917473600932593
  ],
  "val_auc": [
    0.743639515072153,
    0.7907038862485481,
    0.7962505493754689,
    0.8059940015489564,
    0.8004340899704008,
    0.7984212425426523,
    0.8044333340280808,
    0.8058046808210034,
    0.8078313096553993,
    0.8065008099117542
  ]
}