{
  "train_loss": [
    0.28560728615103936,
    0.24738535337443893,
    0.2431847277071744,
    0.23993852959520628,
    0.23738860365427394,
    0.23476569352202104,
    0.2329416270299636,
    0.2310066837604199,
    0.2292176755933469,
    0.22782578669452097,
    0.22599973062978332,
    0.22477708456188583,
    0.2231259998640044,
    0.2217114502560572,
    0.22019799411892899,
    0.2190253512939515,
    0.2173860881453484,
    0.2161180322399333,
    0.21492377048736883,
    0.21368743113403638
  ],
  "val_loss": [
    0.20648913406828778,
    0.20266344252398155,
    0.1982224714920636,
    0.19460724678741734,
    0.19218561579508717,
    0.1926504531405079,
    0.18911525347076716,
    0.18699696770234298,
    0.18883681876300612,
    0.18505992526524717,
    0.1835293773708498,
    0.18669905948878956,
    0.1822746916926275,
    0.18319272951437654,
    0.18054971320309116,
    0.18522928348386486,
    0.18105813748595584,
    0.18218096645954654,
    0.18165104659021292,
    0.1806465303819062
  ],
  "val_f1": [
    5.405113237122318e-05,
    0.006589963228276809,
    0.01722302863914927,
    0.027726271816231596,
    0.030722351306444462,
    0.031335580820771355,
    0.037740784896037945,
    0.049463971452345205,
    0.05153738992245941,
    0.07593626764925498,
    0.08160653510679772,
    0.060782962823530885,
    0.07761400572760808,
    0.07851657591943263,
    0.08406823283132005,
    0.07948371350044162,
    0.09950760739391332,
    0.0872817621397947,
    0.11287808857913499,
    0.09593522804031343
  ],
  "val_auc": [
    0.6725052687486496,
    0.7243336017507609,
    0.7541895807065119,
    0.764856777215542,
    0.7780615246450866,
    0.7863092475656848,
    0.7949731074678793,
    0.7987479338177247,
    0.8001584801791845,
    0.8054343206224611,
    0.8079375730143609,
    0.8109738599964617,
    0.8120061317059822,
    0.8143041757375785,
    0.8169789425701582,
    0.8176887987341143,
    0.8193478108650848,
    0.8176608260789001,
    0.8193110912851445,
    0.819744258064612
  ]
}