{
  "train_loss": [
    1.3047070972075538,
    1.205566405647311,
    1.1515846107695675,
    1.11554063632384,
    1.0970024828877512,
    1.0681825222590373,
    1.053553841551717,
    1.023217806118023,
    1.0156105839637593,
    1.0028621397353046,
    0.9930466065746388,
    0.9610410568454721,
    0.9561885951387404,
    0.9482701714129139,
    0.9271478212946579,
    0.9259300950374423,
    0.9005522134003242,
    0.8917053134141905,
    0.889253386381171
  ],
  "val_loss": [
    0.4994978427054234,
    0.46052217876629314,
    0.46035182024882326,
    0.4702071362356971,
    0.4557852630639546,
    0.46012949857126806,
    0.44509990877319766,
    0.44569010174081763,
    0.4454108727974937,
    0.417136034403036,
    0.4405316189331881,
    0.4100113077737868,
    0.4014433843801828,
    0.39157308025876236,
    0.4007034633719506,
    0.37841876816377507,
    0.3822604611944746,
    0.3648057802032009,
    0.3747786112290402
  ],
  "val_f1": [
    0.19142155097653585,
    0.20718356341726096,
    0.21407118566716773,
    0.21566698619805938,
    0.2269905441220758,
    0.22673000994162304,
    0.2310038318069267,
    0.2374771319662237,
    0.23258296941808693,
    0.24163269013937264,
    0.2328091973539947,
    0.24646560866848619,
    0.24804172924206774,
    0.2587647251868195,
    0.25821425877134413,
    0.2523217714528822,
    0.2517124635670499,
    0.26425366377477055,
    0.263903809560791
  ],
  "val_auc": [
    0.7711899699061566,
    0.8015442785607206,
    0.813704007780614,
    0.8195221417217597,
    0.8246549294268657,
    0.828004911289569,
    0.8303035362000915,
    0.8309415357199423,
    0.8311620648771093,
    0.8323630693659567,
    0.8343575755626994,
    0.8336069679854621,
    0.8330142136757501,
    0.8343954734229598,
    0.8341242180210221,
    0.8337121642028775,
    0.8328846252679056,
    0.8320521610317554,
    0.8327206094754972
  ]
}