{
  "train_loss": [
    0.20948452540447254,
    0.18038222735307738,
    0.1755570300709907,
    0.17233939841897597,
    0.16987163277514808,
    0.1678228708615349,
    0.1662110010023115,
    0.16464577724533652,
    0.16342616591462467,
    0.16241260746828792,
    0.16120258641724586,
    0.1600748881409743,
    0.15934472827202142,
    0.15829653779162298,
    0.15725299797190198,
    0.15640129436344524,
    0.1552711240943458,
    0.1546052279785573,
    0.15414068190399047,
    0.15307949509226013
  ],
  "val_loss": [
    0.2068741555193998,
    0.2012485837374975,
    0.19430466243233785,
    0.19295130363120272,
    0.19188101889443046,
    0.18863056571644765,
    0.18620641247827643,
    0.1877046119728395,
    0.18554114314982847,
    0.18432448947041852,
    0.18173621728100034,
    0.18241627126829554,
    0.18256838903368072,
    0.1802950850832876,
    0.1797242780583968,
    0.1800584888493373,
    0.1795197887029604,
    0.179849919564552,
    0.1777549688883424,
    0.17852054010665463
  ],
  "val_f1": [
    0.0003148366784730421,
    0.01185736723420652,
    0.019209623953590358,
    0.029056494467545484,
    0.028273576272420758,
    0.04050141918650644,
    0.057329354108212806,
    0.05713359752686526,
    0.07222158570991531,
    0.06175937040488682,
    0.0770461885774468,
    0.08280912504055356,
    0.09387201497884108,
    0.10489568472786207,
    0.10835446911031733,
    0.0950529896452365,
    0.10381968664621756,
    0.11975484290924755,
    0.12882047273584787,
    0.1267965993148962
  ],
  "val_auc": [
    0.6755607924966199,
    0.7294162044571115,
    0.75994608527089,
    0.7799065324270475,
    0.7889362909223899,
    0.7967794690395884,
    0.8034602690906472,
    0.8073904847752685,
    0.8095963576446659,
    0.8148236516572656,
    0.8183123964387545,
    0.8193405745332544,
    0.8206288611913385,
    0.8227696161349203,
    0.824064060951696,
    0.8225567253905556,
    0.8256459266094643,
    0.8244175711574867,
    0.8271863605000183,
    0.8282131291462079
  ]
}