{
  "train_loss": [
    1.1555592006837854,
    1.0548582032228966,
    1.0187022572120947,
    0.9890937435195549,
    0.9768742055413215,
    0.955992268628549,
    0.9441723822791289,
    0.9235583227194981,
    0.9198295346134109,
    0.908651402311612,
    0.9074753035724803,
    0.886268587643947,
    0.8825598187219205,
    0.8761816729347011,
    0.8663868136414828,
    0.8532474196500139,
    0.847735017574693,
    0.8391671107196872,
    0.8337368665294584,
    0.823138100386337
  ],
  "val_loss": [
    0.5295748193052212,
    0.5204309991670855,
    0.49782201770029877,
    0.42769252679792846,
    0.47417419642752257,
    0.4496786949934808,
    0.47150207195288785,
    0.474479303056327,
    0.447454170014575,
    0.4585157649201493,
    0.4731107959141699,
    0.40118585751816244,
    0.44276540763370487,
    0.43283404671971476,
    0.44676142129309465,
    0.4055248305834152,
    0.4237323803558037,
    0.4166566580055528,
    0.42556567741554635,
    0.3942539582412412
  ],
  "val_auc": [
    0.7965409877489597,
    0.8104333237340545,
    0.8117518663503002,
    0.8196666302611826,
    0.8162445482522326,
    0.8267171340106768,
    0.8228643880935682,
    0.8245342217770718,
    0.8231805959998068,
    0.827003807217212,
    0.8258541525876772,
    0.8274596834142997,
    0.826967614116979,
    0.8254464431532708,
    0.8196214366302282,
    0.824925249991318,
    0.8178987179460575,
    0.8281897898286547,
    0.8227809374668487,
    0.8290566245530874
  ],
  "val_f1": [
    0.18911146619943067,
    0.19519566216082462,
    0.20629236956033242,
    0.2259294217796923,
    0.21438281932784803,
    0.21701995981813763,
    0.21279933551559854,
    0.21218665867091255,
    0.22437195418935946,
    0.21736249197164745,
    0.21354113862366877,
    0.22975264296596692,
    0.2218182889787556,
    0.22874345376398267,
    0.22309854655028022,
    0.2325661743692929,
    0.22636678855380862,
    0.23102580289327662,
    0.22782884198344697,
    0.24404506042314641
  ]
}