{
  "train_loss": [
    0.2084422874309622,
    0.17408211024554746,
    0.16919057791352327,
    0.167290756202387,
    0.16670367021390528,
    0.16650702390559602,
    0.16716713347374507,
    0.16769981012476948,
    0.16827301820130086,
    0.16896493126073925,
    0.1687161371822277,
    0.16895433814776759,
    0.1691352296692853,
    0.16938210841579726,
    0.16973860031730406,
    0.16992027062860168
  ],
  "val_loss": [
    0.2040743556320271,
    0.20453136402155697,
    0.2016970007085205,
    0.2073712513908707,
    0.2019309167388131,
    0.1958877352764898,
    0.19371525595917602,
    0.18721446494507565,
    0.18402126464176477,
    0.18594872329690224,
    0.2168596907896903,
    0.18190631562741094,
    0.1795048628531243,
    0.1795211731956432,
    0.1788232158703447,
    0.1786391904375456
  ],
  "val_f1": [
    0.007724391289330577,
    0.1629037683667649,
    0.17776261813080602,
    0.20119653035623908,
    0.18758246212502602,
    0.17726117428906737,
    0.18473559102370887,
    0.1731377522328925,
    0.1681151127721125,
    0.18772326759097066,
    0.2549193065166454,
    0.19242140917272854,
    0.16441782102418961,
    0.1564609276386217,
    0.15920744686056842,
    0.12809076933933683
  ],
  "val_auc": [
    0.7488944001432488,
    0.8023990933933473,
    0.8163349302392382,
    0.8199065001531648,
    0.8197868223692992,
    0.8235310050146064,
    0.8219026841398808,
    0.823132010866381,
    0.8196652269636377,
    0.8225175920517351,
    0.8241857795025521,
    0.8212032824978338,
    0.8204779637741871,
    0.8171203960191521,
    0.81925045386633,
    0.8203688225596723
  ]
}