{
  "train_loss": [
    0.2885076111107271,
    0.25037151574645167,
    0.24421559853547828,
    0.24066274450117575,
    0.23760073262254588,
    0.23513240202270602,
    0.23276549902519475,
    0.2308162522311613,
    0.22869493606302804,
    0.22689258261266868,
    0.22523834028151493,
    0.22349496562757004,
    0.22194915626635922,
    0.22019977045286188,
    0.21870826662280182,
    0.21764282345759964,
    0.216423880840464,
    0.21513285711427713,
    0.21366324584465854,
    0.21266696118406567
  ],
  "val_loss": [
    0.22546681466715884,
    0.20564366525307065,
    0.20214776598244946,
    0.1960875475848305,
    0.1926218727892288,
    0.19059689393874427,
    0.1900377864717721,
    0.18572008068803686,
    0.18603025067393042,
    0.18734227924836241,
    0.18603014772221643,
    0.1859398167701783,
    0.18729008674044803,
    0.18530783029432865,
    0.18256184279215917,
    0.18268050993709445,
    0.1815676273097551,
    0.1810727355841459,
    0.18131518562953572,
    0.17892889229506187
  ],
  "val_f1": [
    0.00010789814415192059,
    0.00432822276523622,
    0.012587868480725625,
    0.025560911791379603,
    0.028099436367061473,
    0.02518978047472708,
    0.028036766264402383,
    0.04581446449444614,
    0.048798852831506735,
    0.04369040767796645,
    0.054304627772065975,
    0.0576301938153854,
    0.053813220835202,
    0.059778249963175434,
    0.07549537403795023,
    0.08220070037939828,
    0.0816711913155262,
    0.08849361166692597,
    0.0855416687940048,
    0.10233219094040444
  ],
  "val_auc": [
    0.6126465167461097,
    0.7176292912751484,
    0.7421572968634739,
    0.7632585311682538,
    0.7769733474222246,
    0.7854484597755278,
    0.79252679715968,
    0.796481501448887,
    0.8024653043191384,
    0.8049918077301863,
    0.8065863308649842,
    0.8080635733814062,
    0.8117573281294764,
    0.8141976633221489,
    0.8154442299123896,
    0.8159376999213938,
    0.8181263949012972,
    0.819578879540439,
    0.8208064022980658,
    0.8214563206748385
  ]
}