{
  "train_loss": [
    1.1938283766231903,
    1.094139126229571,
    1.0292810617285957,
    0.997359851677598,
    0.9702219575381766,
    0.943179918013447,
    0.9182205020805089,
    0.9003434184453151,
    0.883886972140624,
    0.8623704744170505,
    0.8548834565465315,
    0.8378642108965793,
    0.8191425390185187,
    0.8127410211926606
  ],
  "val_loss": [
    0.5195705973065221,
    0.5117981658102754,
    0.48240618439880834,
    0.45271869743743487,
    0.47809395225735624,
    0.47727386980600556,
    0.4465347022670202,
    0.44162759195460666,
    0.4353166845737995,
    0.41752143529754326,
    0.41811226719208017,
    0.39663171917084994,
    0.41356142864635725,
    0.4346797511554336
  ],
  "val_f1": [
    0.18861358522103663,
    0.20174968138647917,
    0.21662937991210982,
    0.22406844012801536,
    0.21812755327986097,
    0.21996829582048197,
    0.23314154821227134,
    0.23171951762033702,
    0.23513987449474655,
    0.2395702459343037,
    0.24007445687770557,
    0.24973977067272787,
    0.23985413338514355,
    0.23764072170557246
  ],
  "val_auc": [
    0.7790562283635952,
    0.8112152649840514,
    0.8239220020475226,
    0.8276600858836718,
    0.8306446278876569,
    0.8320011030908736,
    0.8318511543109316,
    0.8323759623910153,
    0.8342504330590822,
    0.8329184858391432,
    0.8334618976490441,
    0.8313551679890333,
    0.8334089879182275,
    0.8291863917113697
  ]
}