{
  "train_loss": [
    0.20343978726558495,
    0.1733739682790148,
    0.16900389910500255,
    0.1669822065239893,
    0.1663781376308687,
    0.16619947591361417,
    0.16685171979040922,
    0.1669010221830041
  ],
  "val_loss": [
    0.1945882085066003,
    0.187009559927061,
    0.18369425700351302,
    0.18514327790034132,
    0.19843915522280514,
    0.18439975379726536,
    0.18790906443216054,
    0.18768177568402455
  ],
  "val_f1": [
    0.02983747929186615,
    0.1370127198338843,
    0.14313782405135775,
    0.14767168526231883,
    0.2000438168620057,
    0.1439885818197372,
    0.1715425403229403,
    0.17242063257327875
  ],
  "val_auc": [
    0.7735042420467562,
    0.8081017067815331,
    0.8179240326211178,
    0.8175005698774348,
    0.8174098358815903,
    0.8145607638303755,
    0.8159137335147916,
    0.8171431425946373
  ]
}